keys,en,zh_CN
DATE_FORMAT,Year %d · Month %d · Day %d,第 %d 年 · 第 %d 月 · 第 %d 天
APP_TITLE,Data Center Tycoon,机房大亨
META_TAB_ROADMAP,Goals,路线
META_TAB_COLLECTION,Archive,典藏
META_TAB_BOARD,Board,董事
COMPANY_ROADMAP,Company Roadmap,公司路线图
COMPANY_ROADMAP_SUBTITLE,Permanent goals make every expansion count,永久目标让每次扩建都有意义
ROADMAP_FIRST_FACILITY,First Facility,第一座机房
ROADMAP_FIRST_FACILITY_DESC,Complete your first data center,完成第一座数据中心
ROADMAP_CAMPUS_OPERATOR,Campus Operator,园区经营者
ROADMAP_CAMPUS_OPERATOR_DESC,Build six data centers,累计建设六座机房
ROADMAP_CLOUD_TRANSITION,Cloud Transition,迈入云时代
ROADMAP_CLOUD_TRANSITION_DESC,Advance to Era 2,公司进入时代二
ROADMAP_CLIENT_PORTFOLIO,Client Portfolio,客户组合
ROADMAP_CLIENT_PORTFOLIO_DESC,Serve four different customers,服务四类不同客户
ROADMAP_GLOBAL_NETWORK,Global Network,全球网络
ROADMAP_GLOBAL_NETWORK_DESC,Upgrade the network to level four,将网络升级到四级
ROADMAP_LISTED_GROUP,Listed Group,上市集团
ROADMAP_LISTED_GROUP_DESC,Complete your first company legacy,完成第一次公司传承
ROADMAP_PROGRESS,%d / %d,进度 %d / %d
ROADMAP_CLAIM,Claim · %d gems,领取 · %d 钻石
ROADMAP_CLAIMED,Reward claimed,奖励已领取
ROADMAP_READY,Milestone complete,里程碑已完成
CAMPUS_STRATEGY,Campus Strategy,园区定位
CAMPUS_STRATEGY_SUBTITLE,Choose a free focus and activate it through your layout,免费选择定位并通过经营条件激活
CAMPUS_STRATEGY_CURRENT,Current · %s,当前定位 · %s
CAMPUS_STRATEGY_UNSET,No specialization selected,尚未选择定位
CAMPUS_STRATEGY_ACTIVE,Active · income +%d%%,已激活 · 收入 +%d%%
CAMPUS_STRATEGY_INACTIVE,Selected · complete the conditions to activate,已选择 · 满足条件后激活
CAMPUS_STRATEGY_FREE,Switch for free,免费切换
CAMPUS_STRATEGY_ACTIVE_SHORT,Active · +%d%%,已激活 · +%d%%
CAMPUS_STRATEGY_SELECTED_SHORT,Selected · conditions pending,已选择 · 待达成
CAMPUS_STRATEGY_FREE_SHORT,Choose free · +%d%%,免费选择 · +%d%%
SPECIALIZATION_HOSTING,Hosting Hub,托管枢纽
SPECIALIZATION_HOSTING_DESC,Two compute racks activate +6% Internet-provider income,配置两个计算机柜后互联网厂商收入 +6%
SPECIALIZATION_CLOUD,Cloud Exchange,云服务枢纽
SPECIALIZATION_CLOUD_DESC,Two rack types activate +6% Cloud-provider income,配置两类机柜后云厂商收入 +6%
SPECIALIZATION_AI,AI Compute Cluster,AI 算力集群
SPECIALIZATION_AI_DESC,Two GPU racks activate +7% AI-company income,配置两个 GPU 机柜后 AI 公司收入 +7%
SPECIALIZATION_DIVERSIFIED,Diversified Campus,多元园区
SPECIALIZATION_DIVERSIFIED_DESC,Two customer types activate +4% income across the campus,服务两类客户后全园区收入 +4%
RELATIONSHIP_NEW,New Partner,新客户
RELATIONSHIP_FAMILIAR,Familiar Partner,熟悉伙伴
RELATIONSHIP_TRUSTED,Trusted Partner,信赖伙伴
RELATIONSHIP_CORNERSTONE,Cornerstone Partner,基石伙伴
RELATIONSHIP_STATUS,Relationship · %s · ×%.2f,关系 · %s · ×%.2f
CONTRACT_CHOOSE_DURATION,Choose Contract Term,选择合约期限
CONTRACT_DURATION_FLEXIBLE,Flexible · 3 months,灵活合约 · 3 个月
CONTRACT_DURATION_FLEXIBLE_DESC,Short commitment · income ×0.97,短期灵活 · 收入 ×0.97
CONTRACT_DURATION_STANDARD,Standard · 6 months,标准合约 · 6 个月
CONTRACT_DURATION_STANDARD_DESC,Balanced term · income ×1.00,期限均衡 · 收入 ×1.00
CONTRACT_DURATION_STRATEGIC,Strategic · 12 months,战略合约 · 12 个月
CONTRACT_DURATION_STRATEGIC_DESC,Familiar relationship required · income ×1.04,需达到熟悉关系 · 收入 ×1.04
CONTRACT_TERM_PROJECTION,$%s/mo · term value $%s,每月 $%s · 合约价值 $%s
CONTRACT_TERM_GAIN,Net term change · $%s,合约期净变化 · $%s
MARKET_REVIEW,Decision Review,决策复盘
MARKET_REVIEW_SUBTITLE,Compare the price you locked with what followed,对照签约锁价与后续市场结果
MARKET_REVIEW_EMPTY,Your contract decisions will be recorded here,签约决策会记录在这里
MARKET_REVIEW_ROW,%s · locked ×%.2f vs now ×%.2f · $%s/mo,%s · 锁价 ×%.2f / 当前 ×%.2f · 每月 $%s
BOARD_SPECIALTIES,Board Specialties,董事会专长
BOARD_SPECIALTIES_SUBTITLE,Every legacy grants one permanent strategy point,每次公司传承获得一个永久策略点
BOARD_POINTS_AVAILABLE,Available points · %d,可用点数 · %d
BOARD_RANK,Rank %d / %d,等级 %d / %d
BOARD_ADD_POINT,Invest one point,投入 1 点
BOARD_RESET,Reset allocation,重置分配
BOARD_CONSTRUCTION,Construction Division,建设委员会
BOARD_CONSTRUCTION_DESC,Each rank reduces construction time by 3%,每级缩短 3% 建设时间
BOARD_OPERATIONS,Operations Division,运营委员会
BOARD_OPERATIONS_DESC,Each rank cuts upkeep 2% and auto-repair time 4%,每级降低 2% 维护费并缩短 4% 自动维修时间
BOARD_BUSINESS,Business Division,商务委员会
BOARD_BUSINESS_DESC,Each rank accelerates relationships 5% and raises income 0.5%,每级加快 5% 客户关系并提升 0.5% 收入
COMPANY_COLLECTION,Company Collection,企业典藏
COMPANY_COLLECTION_SUBTITLE,Every real facility client and market chapter leaves a record,每座设施、每位客户与每段行情都会留下记录
COLLECTION_FACILITIES,Facility Archive,设施档案
COLLECTION_CLIENTS,Client Archive,客户档案
COLLECTION_MARKET_HISTORY,Market Archive,行情档案
COLLECTION_LEGACY,Legacy Archive,传承档案
COLLECTION_PROGRESS,%d / %d discovered,已发现 %d / %d
COLLECTION_CLAIM,Complete set · claim %d gems,完成整套 · 领取 %d 钻石
COLLECTION_COMPLETE,Collection complete,整套已完成
COLLECTION_ERA2,Cloud-era chapter,云时代篇章
COLLECTION_ERA3,Intelligence-era chapter,智能时代篇章
COLLECTION_PRESTIGE,Company legacy,公司传承
COLLECTION_TAKEOVER,Bank restructuring,银行重整
COMPANY_HISTORY,Company Memorial,公司纪念册
COMPANY_HISTORY_EMPTY,Complete a legacy to preserve a company recap here,完成公司传承后会在此永久保存经营复盘
COMPANY_HISTORY_ROW,Company %d · revenue $%s · %d facilities,第 %d 家公司 · 营收 $%s · %d 座机房
LEGACY_RECAP,Company Recap,公司复盘
LEGACY_RECAP_BODY,Revenue $%s · net worth $%s · %d facilities,累计营收 $%s · 净资产 $%s · %d 座机房
REASON_RELATIONSHIP_REQUIRED,Build a familiar relationship before choosing this strategic term,先把客户关系提升到熟悉伙伴再选择战略合约
REASON_BOARD_POINTS_EMPTY,Complete another company legacy to earn a board point,完成下一次公司传承以获得董事会点数
REASON_BOARD_RANK_MAX,This specialty is already at maximum rank,该专长已达到最高等级
REASON_ALREADY_CLAIMED,This reward has already been claimed,该奖励已经领取
REASON_COLLECTION_INCOMPLETE,Discover every entry in this archive before claiming,集齐该档案中的全部条目后即可领取
NAV_MAP,Park,园区
NAV_BUILD,Build,建设
NAV_MARKET,Market,行情
NAV_TECH,Tech,科技
NAV_STORE,Store,商店
NAV_SETTINGS,Settings,设置
CAMPUS_OVERVIEW,Campus overview,园区总览
CAMPUS_OVERVIEW_SUBTITLE,Choose a campus to inspect its buildings and pending work,选择园区查看机房与待办事项
CAMPUS_OVERVIEW_CARD,%02d %s · %d/%d · $%s · %d alerts · Land +%d%%,%02d %s · %d/%d · $%s · %d 项 · 地价 +%d%%
CAMPUS_SWITCH_FORMAT,Campus %d / %d,园区 %d / %d
CAMPUS_PREVIOUS,Previous campus,上一园区
CAMPUS_NEXT,Next campus,下一园区
CAMPUS_WORLD_SUMMARY,Campus %02d · %d centers · $%s/mo,园区 %02d · %d 座 · $%s/月
CAMPUS_WORLD_EMPTY,Campus %02d · Expansion site,园区 %02d · 待扩建
CAMPUS_TAB_FORMAT,Campus %d,园区 %d
CAMPUS_TYPE_STANDARD,Standard campus,标准园区
CAMPUS_TYPE_EXPANSION,Expansion campus,扩展园区
CAMPUS_WORLD_TYPE_SUMMARY,%s · %d/%d · Land +%d%% · $%s/mo,%s · %d/%d 座 · 地价 +%d%% · $%s/月
CAMPUS_CAPACITY_DETAIL,%d-center capacity · Land premium +%d%%,上限 %d 座 · 地价溢价 +%d%%
OPERATIONS_CENTER,Task center,待办中心
OPERATIONS_SUBTITLE,Run the company without leaving the park,不离开园区即可管理公司
OPERATIONS_SHORT,Ops,运营
OPERATIONS_PENDING,Action queue,待办队列
OPERATIONS_PENDING_SUMMARY,%d actions · Urgent first,%d 项待办 · 紧急优先
OPERATIONS_ALL_CLEAR,All caught up,事项已清空
OPERATIONS_ALL_CLEAR_DETAIL,The park is running normally · Check market signals below,园区运行正常 · 可顺手查看下方行情
OPERATIONS_TOOLS,Management tools,管理工具
TASK_FAULT_TITLE,%s fault · %s,%s 故障 · %s
TASK_FAULT_SUBTITLE,Efficiency reduced · Auto-repair in %s,效率降低 · %s 后自动修复
TASK_GO_REPAIR,Repair,去维修
TASK_RENEWAL_TITLE,Free switch ready,免费改签已就绪
TASK_RENEWAL_SUBTITLE,%s · %s,%s · %s
TASK_GO_RENEW,Switch,去换约
TASK_RETIRE_TITLE,Retirement ready · %s,可退役 · %s
TASK_RETIRE_SUBTITLE,Recover $%s · Current $%s / month,回收 $%s · 当前月收入 $%s
TASK_GO_DECIDE,Review,去决策
TASK_MARKET_TITLE,%s is live,%s 进行中
TASK_MARKET_SUBTITLE,Find a signing opportunity · Existing rates stay locked,寻找签约机会 · 已签价格保持锁定
TASK_VIEW_MARKET,Market,看行情
COMPANY_OVERVIEW,Company,公司
ERA_SHORT,Era %d,时代 %d
UNLOCK_AT_ERA,Unlocks in Era %d,时代 %d 解锁
UNLOCK_AT_NETWORK,Requires %s,需要 %s
RACKS,Racks,机柜
RACKS_SUBTITLE,Capacity health and hardware lifecycle,容量、健康状态与硬件生命周期
INFRASTRUCTURE,Infrastructure,基础设施
INFRASTRUCTURE_SUBTITLE,Power cooling and end-of-life decisions,供电、制冷与退役决策
BUILD_DATA_CENTER,Build data center,建造机房
VIEW_QUEUE,View queue,查看队列
CASH_FORMAT,$%s,$%s
GEMS_FORMAT,%s Gems,%s 钻石
GEMS_REWARD_SHORT,Gems,钻石
INCOME_RATE,$%s / month,$%s / 月
BUY,Buy,购买
BUILD,Build,建造
INSTALL,Install,安装
UPGRADE,Upgrade,升级
REPAIR,Repair,维修
REPAIR_QUOTE,Repair · $%s · about %s,维修 · $%s · 约 %s
REPAIR_AD_QUOTE,Watch ad · Repair now (%d/%d this hour),看广告 · 立即修复（本小时 %d/%d）
REPAIR_GEMS_QUOTE,Instant repair · %d Gems,钻石立修 · %d 钻石
DISMANTLE_RACK_QUOTE,Dismantle rack · Recover $%s,拆除机柜 · 回收 $%s
RETIRE,Retire,退役
RETIRE_TRADEOFF,Retire before ruin to keep the better harvest · Current $%s / month,报废前退役可获得更高回收 · 当前月收入 $%s
DEMOLISH,Collect scrap,清理残料
CLEAR_SCRAP_QUOTE,Collect scrap · Recover $%s,清理残料 · 回收 $%s
SIGN_CONTRACT,Sign contract,签订合约
SWITCH_CONTRACT,Switch contract,更换合约
CONTRACT_BREACH_FEE,Switching fee: $%s,换约违约金：$%s
CONTRACT_RENEWAL_WINDOW,Auto-renewed · free switch saved,已自动续约 · 免费改签资格已保留
CONTRACT_RENEWAL_CTA,Free switch ready,免费改签
CONTRACT_REMAINING,Term remaining: %s,合约剩余：%s
CONTRACT_FREE_SWITCH,Free switch,免费换约
CONTRACT_LOCKED_RATE,Signed ×%.2f,签约价 ×%.2f
CONTRACT_MARKET_RATE,Market now ×%.2f,当前行情 ×%.2f
CONTRACT_PRORATED_EVENT,Prorated across %.1f event months,按事件剩余 %.1f 个游戏月折算
CONTRACT_PROJECTED,Projected $%s / month,预计 $%s / 月
CONTRACT_PROJECTED_AFTER_RACK,Income starts when a rack comes online,机柜上线后开始产生收入
CONTRACT_CAPACITY_TITLE,No sellable capacity yet,还没有可售算力
CONTRACT_CAPACITY_EMPTY,Install and enable a rack to start earning.,安装并启用至少一台机柜，签约后即可产生收入。
CONTRACT_CAPACITY_PENDING,Rack installation is underway. Income starts when it is online.,机柜正在安装，完成上线后即可产生收入。
CONTRACT_CAPACITY_OFFLINE,No rack is online. Enable one or upgrade the transformer.,当前没有可用机柜，请启用机柜或升级变压器。
CONTRACT_CONFIGURE_RACKS,Configure racks,去配置机柜
CONTRACT_IN_SERVICE,In service,服务中
CONTRACT_FIT_TOOLTIP,Compute %.2f · Storage %.2f · GPU %.2f,算力 %.2f · 存储 %.2f · GPU %.2f
CONTRACT_CONFIRM_DELTA,Current $%s / month → $%s / month (%+.1f%%),当前 $%s / 月 → $%s / 月（%+.1f%%）
CONTRACT_TERM_INFO,The new term lasts 6 game months,新合约持续 6 个游戏月
CONTRACT_NO_DC,Build a data center before assigning clients,请先建成机房再调配客户
TOAST_CONTRACT_RENEWAL,Contract renewed · free switch saved,合约已自动续约 · 免费改签资格已保留
OFFLINE_AUTO_RENEWED,%d contracts auto-renewed,%d 份合约已自动续约
OFFLINE_FREE_SWITCH_READY,Free switch ready · no expiry,免费改签资格已就绪 · 永不过期
CANCEL,Cancel,取消
CONFIRM,Confirm,确认
CLOSE,Close,关闭
CLAIM,Claim,领取
WATCH_AD,Watch rewarded video,观看激励视频
FREE_NOADS,Included with No Ads,去广告权益免费领取
RESTORE_PURCHASES,Restore purchases,恢复购买
STORE_WALLET_HINT,Spend gems on time-saving boosts and special packs,钻石可用于加速与购买特别礼包
STORE_SECTION_DEALS,Limited deals,限时特惠
STORE_SECTION_DEALS_HINT,One-time bundles for major milestones,关键阶段的一次性组合包
STORE_SECTION_GEMS,Gem vault,钻石商店
STORE_SECTION_GEMS_HINT,More gems per dollar in larger packs,大档位可获得更多加送钻石
STORE_SECTION_PERKS,Permanent perks,永久权益
STORE_SECTION_PERKS_HINT,Account-wide upgrades that never expire,永久生效的账户级权益
STORE_DEALS_LATER,More deals unlock at future milestones,更多特惠将在后续里程碑解锁
STORE_BEST_VALUE,Best value,最划算
STORE_BONUS_PCT,+%d%% bonus,+%d%% 加送
STORE_PACK_CONTENTS,%d Gems · $%s cash · %d tickets,%d 钻石 · $%s 现金 · %d 张完工券
STORE_OWNED,Owned,已拥有
STORE_UNAVAILABLE,Unavailable,暂不可购买
NOT_ENOUGH_CASH,Not enough cash,现金不足
NOT_ENOUGH_GEMS,Not enough gems,钻石不足
LOCKED,Locked,未解锁
EMPTY_SLOT,Empty slot,空机位
INSTALLING,Installing,安装中
RACK_DISABLED,Paused,已停机
RACK_TURN_ON,Power on,恢复运行
RACK_TURN_OFF,Pause rack,停机保留
RACK_MARKET_STEADY,Steady · 30% market exposure,稳健 · 30% 行情敏感
RACK_MARKET_BALANCED,Balanced · 100% market exposure,均衡 · 100% 行情敏感
RACK_MARKET_VOLATILE,Volatile · 120% market exposure,高波动 · 120% 行情敏感
FAULTED,Faulted,故障
FAULTED_AUTO_REPAIR,Efficiency %d%% · Engineer auto-repairs in %s,效率降至 %d%% · 工程师将在 %s 后自动修复
OVERHEATED,Overheated,过热
UNPOWERED,Unpowered,未通电
POWERED,Powered,供电正常
CONSTRUCTION_QUEUE,Construction queue,建设队列
QUEUE_CAPACITY,%d of %d projects active,%d / %d 个项目进行中
QUEUE_EMPTY,Nothing is being built,当前没有建设项目
COMPLETE_IN,Complete in %s,%s 后完成
SPEED_UP,Speed up,加速
INSTANT_TICKET,Instant build ticket,立即完工券
BUY_NEXT_PLOT,Buy next plot,购买下一块地
PLOT_FOR_SALE,Plot #%d · $%s,第 %d 块地 · $%s
PLOT_EMPTY,Empty plot #%d,第 %d 块空地
DC_DETAIL,Data center details,机房详情
LIFESPAN,Lifespan,寿命
MAINTENANCE,Maintenance $%s / month,维护费 $%s / 月
CONTRACT_NONE,No active contract,尚未签约
CONTRACT_CURRENT,Client: %s,客户：%s
CONTRACT_RENEWAL_FREE,Free switch,免费改签
DATACENTER_CLIENT_STATUS,%s · %s,%s · %s
MARKET_ACTIVE,Active events,正在发生
MARKET_PREVIEW,Coming next,新闻预告
MARKET_CALM,Markets are calm,当前行情平稳
MARKET_NO_HISTORY,Market history will appear as time passes,行情记录将在运营后逐步生成
MARKET_NOW,Now,现在
MARKET_CUSTOMERS,Customer signals,客户走势
MARKET_SIGNING_ADVISOR,Signing advisor · active events are prorated across each contract term,签约参谋 · 已生效事件按各档合同期限折算
MARKET_CUSTOMERS_HINT,Compare today's rates before a new signing or free switch,新签或免费改签前，先比较今日行情
MARKET_7D_TREND,Recent 7-day signal,近 7 日走势
EVENT_STARTS_IN,Starts in %s,%s 后开始
EVENT_CHECK_MY_DC,Review my contracts,查看我的合约
MARKET_EVENT_STARTED,%s is live · Tap to rebalance,%s 已开始 · 点击调整合约
MARKET_EVENT_ENDED,%s has ended · Tap to review,%s 已结束 · 点击复盘
MARKET_BENEFIT_STATUS,Signing chance · %s ×%.1f · %s left,签约机会 · %s ×%.1f · 剩 %s
NETWORK,Network access,网络接入
ERA_PROGRESS,Era progress,时代进度
ERA_CURRENT,Current,当前
ERA_ROUTE_COMPLETE,All eras unlocked,全部时代已解锁
ERA_NEXT_UNLOCKS,%s unlocks,%s 解锁内容
ERA_MORE_ITEMS,and %d more,另有 %d 项
PRESTIGE,IPO Restructure,上市重组
PRESTIGE_LOCKED,Build %d data centers to unlock,累计建造 %d 座机房后解锁
PRESTIGE_PROGRESS,Data centers built %d / %d,累计建成 %d / %d 座机房
PRESTIGE_EST_GAIN,Estimated brand multiplier ×%.2f,预计品牌倍率 ×%.2f
PRESTIGE_GAIN_DETAIL,Brand multiplier ×%.2f → ×%.2f,品牌倍率 ×%.2f → ×%.2f
PRESTIGE_KEEP_LIST,Keep: era · network · purchases · achievements,保留：时代 · 网络 · 购买权益 · 成就
PRESTIGE_LIQUIDATE,Liquidate assets into $%s starting cash,清算资产并以 $%s 现金重新起步
PRESTIGE_CONTINUE,Review restructuring,查看重组确认
PRESTIGE_FINAL_TITLE,Final board approval,董事会最终确认
PRESTIGE_FINAL_WARNING,This liquidates the current park and cannot be undone.,这会清算当前园区且无法撤销。
PRESTIGE_HOLD_CONFIRM,Hold 1.2s to restructure,长按 1.2 秒确认重组
ACHIEVEMENTS,Achievements,成就
ACHIEVEMENTS_SUBTITLE,Long-term milestones and permanent rewards,长期里程碑与永久奖励
HIGHEST_NET_WORTH,Highest net worth,历史最高净值
STAT_SURVIVAL,Company age,公司存续时间
TOTAL_REVENUE,Total revenue,累计收入
BANKRUPTCY_WARNING,Cash-flow emergency,现金流告急
BANKRUPTCY_BODY,Pay the outstanding maintenance within %s or the bank will sell the oldest data center.,请在 %s 内付清维护欠款，否则银行将变卖最老的机房。
ARREARS_BANNER,Maintenance debt $%s,维护欠款 $%s
ARREARS_TIME_LEFT,Bank collection in %s,距银行接管 %s
BANK_TAKEOVER_TITLE,Bank restructuring,银行接管结算
BANK_TAKEOVER_BODY,The bank settled $%s of maintenance debt. Your progress and remaining assets are safe.,银行已处理 $%s 维护欠款，你的进度与剩余资产均已保留。
BANK_TAKEOVER_DEBT_PAID,Debt paid,已抵欠款
BANK_TAKEOVER_FORGIVEN,Debt waived,坏账核销
BANK_TAKEOVER_RELIEF,Restructuring grant,重整补助
BANK_TAKEOVER_REMAINING,Data centers retained,保留机房
BANK_TAKEOVER_SOLD,Data centers sold · %d,变卖机房 · %d
BANK_TAKEOVER_NONE_SOLD,No data centers needed to be sold.,无需变卖机房。
BANK_TAKEOVER_SOLD_ROW,Data center %s · $%s recovered,机房 %s · 回收 $%s
BANK_TAKEOVER_CONTINUE,Start fresh,重新出发
NEW_COMPANY,Start a new company,重新创业
ARREARS_RESCUE,Claim emergency funds,领取救急金
OFFLINE_TITLE,Welcome back,欢迎回来
OFFLINE_EARNED,Your data centers earned $%s while you were away.,离线期间机房赚取了 $%s。
OFFLINE_DOUBLE,Double reward,收益翻倍
OFFLINE_CREDITED_TIME,Earnings credited for %s.,已结算 %s 的离线收益。
OFFLINE_CAP_NOTICE,Offline earnings reached the %s cap.,离线收益已达到 %s 上限。
AFFORD_SHORTFALL,Need $%s,还差 $%s
SETTINGS_LANGUAGE,Language,语言
SETTINGS_MUSIC,Music,音乐
SETTINGS_SFX,Sound effects,音效
SETTINGS_HAPTICS,Haptics,触感反馈
SETTINGS_RESET,Start new company,重开公司
SETTINGS_RESET_WARNING,This resets the current run. Purchases premium currency achievements and permanent prestige bonuses are kept.,这会重置本局；购买记录、付费货币、成就与永久转生加成会保留。
SETTINGS_LEGAL,Legal and support,法律与支持
SETTINGS_LEGAL_HINT,Policies support and build information,政策、客服与版本信息
SETTINGS_PRIVACY,Privacy policy,隐私政策
SETTINGS_TERMS,Terms of service,服务条款
SETTINGS_SUPPORT,Customer support,客服邮箱
SETTINGS_VERSION,Version %s,版本 %s
LANGUAGE_ENGLISH,English,English
LANGUAGE_CHINESE,简体中文,简体中文
BUILDING_T0,Container Data Center,集装箱机房
BUILDING_T1,Standard Data Center,标准机房
BUILDING_T2,Large Data Center,大型机房
BUILDING_T3,Hyperscale Data Center,超大规模机房
RACK_COMPUTE_T1,Compute Rack T1,计算机柜 T1
RACK_STORAGE_T1,Storage Rack T1,存储机柜 T1
RACK_GPU_T1,GPU Rack T1,GPU 机柜 T1
RACK_COMPUTE_T2,Compute Rack T2,计算机柜 T2
RACK_STORAGE_T2,Storage Rack T2,存储机柜 T2
RACK_GPU_T2,High-density GPU Rack,高密 GPU 机柜
POWER_T1,Transformer T1,变压器 T1
POWER_T2,Substation T2,变电站 T2
POWER_T3,High-voltage Station T3,高压站 T3
POWER_QUICK_INSTALL,Install T1 · $%s,安装 T1 · $%s
POWER_UNPOWERED_HINT,Off · Tap Install T1,未通电 · 点击安装 T1
POWER_INSTALL_PENDING,Transformer installation · %s remaining,变压器安装中 · 剩余 %s
POWER_INSTALL_BLOCKED,Transformer cannot start yet,变压器暂时无法开工
COOL_AIR_T1,Air Cooling T1,风冷 T1
COOL_AIR_T2,Air Cooling T2,风冷 T2
COOL_LIQUID_T1,Liquid Cooling T1,液冷 T1
COOL_LIQUID_T2,Liquid Cooling T2,液冷 T2
CUSTOMER_INTERNET,Internet Company,互联网厂商
CUSTOMER_MINING,Crypto Mining,挖矿客户
CUSTOMER_CLOUD,Cloud Provider,云厂商
CUSTOMER_GPU,AI Company,AI 公司
ERA_1,Colocation Era,托管时代
ERA_2,Cloud Era,云计算时代
ERA_3,AI Era,AI 时代
ERA_NEWSPAPER_MASTHEAD,DATA CENTER DAILY · SPECIAL EDITION,机房日报 · 时代特刊
ERA_ARRIVAL,%s Has Arrived!,%s来临！
ERA_UNLOCK_SUMMARY,New infrastructure unlocked,全新基础设施已解锁
ERA_ENTER,Enter the new era,进入新时代
NETWORK_L1,10G Access,10G 接入
NETWORK_L2,100G Access,100G 接入
NETWORK_L3,Dedicated Line,专线接入
NETWORK_L4,Backbone Node,骨干节点
TECH_REPAIR_TEAM,Repair Crew,维修队
TECH_REPAIR_TEAM_DESC,Shortens dispatch repair time.,缩短派修等待时间。
TECH_CONSTRUCTION_BAYS,Engineering Department,工程部扩编
TECH_CONSTRUCTION_BAYS_DESC,Add a permanent construction lane for this company.,为本轮公司增加一条建设车道。
TECH_CONSTRUCTION_BAYS_STATUS,%d simultaneous projects,%d 个项目可同时建设
REASON_LOCKED_PRESTIGE,Available after completing %d company rebuild.,完成第 %d 次公司重组后开放。
TECH_AUTO_RETIREMENT,Auto Retirement,自动退役
TECH_AUTO_RETIREMENT_DESC,At 95% lifespan automatically harvest recovery · Works offline,寿命达到 95% 时自动退役入账 · 离线也生效
AUTO_RETIRE_MARKER,Auto at %d%%,%d%% 自动退役
OFFLINE_AUTO_RETIRED,Auto-retired · $%s recovered,已自动退役 · 回收 $%s
EVENT_SHOPPING,E-commerce Festival,电商大促
EVENT_SHOPPING_DESC,Internet demand surges.,互联网需求激增。
EVENT_VIRAL,Viral Social App,社交应用爆红
EVENT_VIRAL_DESC,A new app needs massive capacity.,爆款应用急需大量算力。
EVENT_COIN_BOOM,Crypto Price Boom,币价暴涨
EVENT_COIN_BOOM_DESC,Mining demand spikes.,挖矿需求激增。
EVENT_MINING_CRASH,Mining Crash,矿难
EVENT_MINING_CRASH_DESC,Mining demand collapses.,挖矿需求暴跌。
EVENT_POLICY,Policy Tightening,政策收紧
EVENT_POLICY_DESC,Mining customers pull back.,挖矿客户缩减投入。
EVENT_CLOUD_MIGRATION,Cloud Migration Wave,企业上云潮
EVENT_CLOUD_MIGRATION_DESC,Companies rush to the cloud.,企业集中迁移上云。
EVENT_SELF_BUILD,Hyperscalers Build In-house,大厂自建机房
EVENT_SELF_BUILD_DESC,Cloud providers reduce leasing.,云厂商减少外部租赁。
EVENT_AI_BOOM,Foundation Model Boom,AI 大模型热潮
EVENT_AI_BOOM_DESC,AI labs compete for GPU capacity.,AI 公司争抢 GPU 算力。
EVENT_GPU_SHORTAGE,GPU Supply Shock,显卡断供
EVENT_GPU_SHORTAGE_DESC,GPU rack prices double.,GPU 机柜购置价翻倍。
EVENT_SURPLUS,Compute Surplus,算力过剩
EVENT_SURPLUS_DESC,AI capacity prices fall.,AI 算力价格下跌。
EVENT_WINTER,Industry Winter,行业寒冬
EVENT_WINTER_DESC,All customers cut spending.,所有客户缩减支出。
EVENT_DIGITAL_WAVE,Digitalization Wave,数字化浪潮
EVENT_DIGITAL_WAVE_DESC,Demand rises across the industry.,全行业需求上升。
EVENT_CLOUD_FRAMEWORK,Cloud Framework Deal,云厂商年度框架大单
EVENT_CLOUD_FRAMEWORK_DESC,A long-term cloud capacity tender opens.,长期云容量招标正式开启。
EVENT_SOVEREIGN_AI,Sovereign AI Training Contract,主权 AI 训练合同
EVENT_SOVEREIGN_AI_DESC,A national AI program reserves massive GPU capacity.,国家级 AI 项目集中采购 GPU 算力。
EVENT_OVERSEAS_NODE,Overseas Node Tender,海外节点招标
EVENT_OVERSEAS_NODE_DESC,Global services seek new internet edge capacity.,全球业务采购海外边缘节点容量。
EVENT_AI_INFERENCE,AI Inference Demand Surge,AI 推理需求爆发
EVENT_AI_INFERENCE_DESC,AI applications lift GPU and cloud demand together.,AI 应用同时拉升 GPU 与云端需求。
EVENT_SOVEREIGN_AI_RARE,Sovereign AI Reserve,主权 AI 算力储备
EVENT_SOVEREIGN_AI_RARE_DESC,A strategic program urgently reserves national GPU capacity.,国家级战略项目紧急锁定大规模 GPU 算力。
EVENT_COMPUTE_FAMINE,Compute Famine,算力荒
EVENT_COMPUTE_FAMINE_DESC,Scarce capacity lifts demand across every customer segment.,算力供给紧张，所有客户需求同步上升。
EVENT_COMPLIANCE_ARCHIVE,Compliance Archive Mandate,合规归档令
EVENT_COMPLIANCE_ARCHIVE_DESC,New retention rules sharply increase internet and cloud storage demand.,新规推动互联网与云厂商集中扩充存储容量。
EVENT_RARE_BADGE,Rare,稀有
MARKET_RARE_EVENT_STARTED,Rare event · %s is live,稀有行情 · %s 已开始
CONTRACT_STRATEGIC_CAP,Strategic lock cap ×%.1f,战略约锁价上限 ×%.1f
STORE_NOADS,No Ads,永久去广告
STORE_NOADS_DESC,Claim every rewarded benefit instantly forever.,永久直接领取所有激励广告奖励。
STORE_OFFLINE24,24-hour Offline Earnings,24 小时离线收益
STORE_OFFLINE24_DESC,Extend the offline earnings cap from 8 to 24 hours.,离线收益上限从 8 小时延长至 24 小时。
STORE_GEMS_S,200 Gems,200 钻石
STORE_GEMS_M,550 Gems,550 钻石
STORE_GEMS_L,1200 Gems,1200 钻石
STORE_PACK_STARTER,Cloud Starter Pack,云时代启程礼包
STORE_PACK_BUILDER,Builder Pack,建设者礼包
STORE_PACK_TYCOON,Tycoon Pack,大亨礼包
ACH_FIRST_CONTRACT,First Client,首位客户
ACH_FIVE_DC,Growing Park,初具规模
ACH_TWENTY_DC,Industry Player,行业新贵
ACH_REPAIR_TEN,Always On,永不宕机
ACH_RETIRE_FIVE,Planned Renewal,更新换代
ACH_ERA_TWO,Into the Cloud,迈入云端
ACH_ERA_THREE,AI Infrastructure,AI 基建
ACH_PRESTIGE,Public Company,成功上市
ACH_ARREARS,Cash-flow Survivor,绝处逢生
TUTORIAL_WELCOME,Welcome! Build your first container data center on the empty plot.,欢迎！先在空地上建造第一座集装箱机房。
TUTORIAL_POWER,Tap Power to install a transformer and light up the Container Data Center.,点击下方供电区安装变压器，点亮集装箱机房。
TUTORIAL_FIRST_RACK,Install a compute rack in the first slot.,在第一个机位安装计算机柜。
TUTORIAL_CONTRACT,Sign an internet-company contract to start earning.,签下互联网厂商合约，开始赚钱。
TUTORIAL_COOLING,Install air cooling before adding more heat.,继续上架前，先安装风冷设备。
TUTORIAL_BUY_LAND,Expansion starts with land. Buy the next plot.,扩张从土地开始，购买下一块地。
TUTORIAL_RETIRE,This building has aged. Retire it before it becomes a ruin.,机房已经老化，在报废前主动退役。
TUTORIAL_STANDARD,Build a standard data center to complete the basics.,建造标准机房，完成基础教学。
TUTORIAL_OPEN_DC_PREFIX,Tap the data center — %s,点开机房——%s
TUTORIAL_BUILDING_WAIT,Building · %s left. Install the transformer when it is ready.,施工中 · 剩 %s。建成后安装变压器。
TUTORIAL_RETIRE_WAIT,The container data center is still healthy. Its final lesson unlocks when aging begins.,集装箱机房还很新。等它进入老化期，再回来上最后一课。
TUTORIAL_RETIRE_READY,The data center is aging. Tap it to learn how to retire it.,机房已进入老化期。点开它，学习如何主动退役。
TOAST_CONSTRUCTION_STARTED,Construction started,建设已开始
TOAST_CONSTRUCTION_COMPLETE,Construction complete,建设完成
TOAST_PURCHASE_COMPLETE,Purchase complete,购买成功
TOAST_PURCHASE_FAILED,Purchase could not be completed,购买未完成
TOAST_REPAIR_STARTED,Repair crew dispatched,维修队已出发
TOAST_REPAIR_COMPLETE,Repair complete,维修完成
TOAST_CONTRACT_SIGNED,Contract signed,合约已签订
TOAST_ERA_UNLOCKED,A new era has begun!,新时代已经来临！
TOAST_ACHIEVEMENT,Achievement unlocked: %s,成就达成：%s
TOAST_TIME_ROLLBACK,Device time moved backward. Simulation is paused until time catches up.,检测到设备时间回拨，游戏时钟将冻结至追平。
REASON_QUEUE_FULL,Construction queue is full,建设队列已满
REASON_RACK_INSTALL_LIMIT,Two racks are already being installed in this data center,该机房已有两台机柜正在安装
REASON_IN_PROGRESS,Finish ongoing work first,请先完成正在进行的工程
REASON_NOT_UPGRADE,Choose a higher-level unit,请选择更高等级的设备
REASON_REWARD_LIMIT,Reward limit reached,已达到奖励次数上限
REASON_TICKET,No instant build tickets,没有立即完工券
REASON_ALREADY_OWNED,Already purchased,已购买
REASON_PURCHASE_PENDING,Purchase is already in progress,购买正在处理中
REASON_QUEUE_FULL_DETAIL,Queue full (%d/%d). Next slot in %s. Wait or speed up; expand Engineering in Tech.,建设队列已满（%d/%d）。最快 %s 后空位；可等待、加速或前往科技扩编工程部。
REASON_RACK_INSTALL_LIMIT_DETAIL,Two racks are already being installed here. The next slot opens in %s.,该机房已有两台机柜正在安装。最快 %s 后可以继续上架。
REASON_NOT_ENOUGH_CASH,Not enough cash. Let income accumulate or choose a lower-cost project.,现金不足。可以先积累收入，或选择成本更低的项目。
REASON_NOT_ENOUGH_GEMS,Not enough gems. Earn more or visit the store.,钻石不足。可以继续游玩获取，或前往商店补充。
REASON_LOCKED,This item has not been unlocked yet.,该项目尚未解锁。
REASON_LOCKED_ERA,Unlocks in Era %d. Keep growing revenue to advance.,时代 %d 解锁。继续提升收入即可进入下一时代。
REASON_PLOT_UNAVAILABLE,This plot is no longer available. Choose another empty plot.,这块土地当前不可用，请选择其他空地。
REASON_TUTORIAL_BUILDING_RETIRED,The starter container has completed its lesson. Choose a standard data center.,教学集装箱已经完成使命，请选择标准机房。
REASON_DATACENTER_MISSING,This data center no longer exists. Return to the park and choose another one.,这座机房已不存在，请返回园区选择其他机房。
REASON_DATACENTER_UNAVAILABLE,This data center is not ready for that operation yet.,这座机房当前无法执行该操作，请等待建设完成。
REASON_SLOT_LOCKED,This rack slot is locked. Upgrade the data center to unlock it.,该机柜位尚未解锁，请先升级机房等级。
REASON_SLOT_OCCUPIED,This rack slot is already occupied or being installed.,该机柜位已有设备或正在安装。
REASON_SLOT_EMPTY,There is no installed rack in this slot.,这个机柜位目前没有可操作的设备。
REASON_INVALID_SLOT,This rack slot is unavailable. Choose a highlighted slot.,这个机柜位不可用，请选择已点亮的位置。
REASON_INVALID_EDGE,This cooling position is unavailable. Choose a highlighted edge.,这个制冷位置不可用，请选择已点亮的边缘。
REASON_RACK_UNAVAILABLE,This rack is not ready for that operation.,这台机柜当前无法执行该操作。
REASON_TOO_NEW_TO_RETIRE,This data center is still healthy. It can be retired after aging begins.,这座机房还很健康，进入老化期后才能退役。
REASON_COOLER_SLOTS_FULL,All cooling positions are occupied. Upgrade an installed cooler instead.,制冷位已经占满，请升级已有制冷设备。
REASON_BUILDING_TIER_TOO_LOW,This device requires a higher-tier data center.,该设备需要更高等级的机房。
REASON_CONSTRUCTION_MISSING,This project has already finished or is no longer in the queue.,该工程已经完成，或已不在建设队列中。
REASON_NOT_FAULTED,This rack is operating normally and does not need repair.,这台机柜运行正常，无需维修。
REASON_NOT_RUINED,This data center is still operational and cannot be cleared as scrap.,这座机房仍在运行，不能按残料清理。
REASON_PRESTIGE_LOCKED,The company has not reached the listing requirement yet.,公司尚未达到上市重组条件。
REASON_REWARD_UNAVAILABLE,This reward is not available right now.,当前没有可领取的奖励。
REASON_PRODUCT_UNAVAILABLE,This product is not available in the current store.,该商品当前不可购买。
REASON_UNKNOWN,The operation could not be completed. Please try again.,操作未能完成，请稍后重试。
REASON_POWER_REQUIRED,Install a transformer before signing a contract.,请先安装变压器，再签订客户合约。
REASON_CONTRACT_CAPACITY_REQUIRED,Bring at least one rack online before signing. That rack supplies the capacity you sell.,请先让至少一台机柜上线再签约；机柜提供的算力才是你的收入来源。
BOARD_POWER_USAGE,Power %s / %s,供电 %s / %s
BOARD_POWER_LABEL,Power,供电
BOARD_OVERHEAT_HINT,This slot will overheat,此位置会过热
BOARD_NEED_POWER,Upgrade the transformer first,需要先升级变压器
BOARD_INSTALL_POWER,Install a transformer first,先安装变压器
BOARD_UPGRADE_POWER,Upgrade the transformer first,需要先升级变压器
BOARD_PLACE_OK,Cooling and power are sufficient,制冷与供电充足
BOARD_PLACE_SET,Completes a rack set · +10%,组成同类机柜组 · +10%
RACK_SET_BONUS,Rack set +10%,成组加成 +10%
RACK_SET_BONUS_CONTRIBUTION,Set contribution +10% income,成组贡献 +10% 收入
RACK_TRAIT_STABLE,Stable returns,收益稳定
RACK_TRAIT_BALANCED,Balanced exposure,均衡收益
RACK_TRAIT_VOLATILE,Moves with the market,随行情波动
RACK_STAT_POWER,Power,耗电
RACK_STAT_HEAT,Heat,发热
RACK_STAT_OUTPUT,Base output,基础产出
MONTH_SHORT,mo,月
STAT_CAPACITY,Capacity,容量
STAT_COOLING_OUTPUT,Cooling,制冷
STAT_COVERAGE,covers %d cells,覆盖 %d 格
STAT_POWER_DRAW,Power,耗电
STAT_HEAT_OUTPUT,Heat,发热
STAT_COOLED,Cooled,受冷
ERA_LOCKED,Locked,未解锁
ERA_DONE,Done,已完成
TUTORIAL_REBUILD_SITE,Your site is gone — build a data center first.,机房不在了，先重新建一座。
TUTORIAL_INSTALL_WAIT,Installing — %s left.,安装中 · 剩 %s。
ROADMAP_FIRST_INQUIRY,First tailored deal,首次定向合作
ROADMAP_FIRST_INQUIRY_DESC,Accept one optional inquiry,接受 1 份可选询价单
INQUIRY_GPU_SURGE,Sovereign GPU reservation,主权算力预订
INQUIRY_GPU_SURGE_DESC,An AI client needs a proven four-GPU deployment.,AI 客户希望锁定一座具备 4 个 GPU 机柜的机房。
INQUIRY_CLOUD_FRAME,Full-stack cloud frame,全栈云底座
INQUIRY_CLOUD_FRAME_DESC,A cloud provider wants three rack types under one roof.,云厂商希望在同一机房部署三类机柜。
INQUIRY_MINING_RUSH,Mining capacity window,矿场算力窗口
INQUIRY_MINING_RUSH_DESC,A mining client is ready to pay for two GPU racks.,挖矿客户愿意为两个 GPU 机柜支付溢价。
INQUIRY_INTERNET_ANCHOR,Anchor hosting agreement,核心托管协议
INQUIRY_INTERNET_ANCHOR_DESC,A trusted internet client proposes a long-term partnership.,长期服务的互联网客户提出战略合作。
INQUIRY_EDGE_DELIVERY,Edge delivery expansion,边缘分发扩容
INQUIRY_EDGE_DELIVERY_DESC,An internet client needs a level-two network connection.,互联网客户需要二级网络接入能力。
INQUIRY_CLOUD_CERTIFICATION,Certified cloud campus,认证云服务园区
INQUIRY_CLOUD_CERTIFICATION_DESC,A cloud provider is looking for an active cloud specialization.,云厂商正在寻找已激活云服务定位的园区。
INQUIRY_AI_PILOT,AI pilot cluster,AI 试点集群
INQUIRY_AI_PILOT_DESC,An AI client wants a mixed two-type rack deployment.,AI 客户希望试用两类机柜组成的混合部署。
INQUIRY_STORAGE_ARCHIVE,Archive storage tranche,归档存储批次
INQUIRY_STORAGE_ARCHIVE_DESC,A cloud provider needs three storage racks for an archive project.,云厂商需要三个存储机柜承接归档项目。
INQUIRY_BOARD,Client inquiries,客户询价单
INQUIRY_BOARD_HINT,Optional offers wait for you forever · no countdown and no penalty,所有报价永久保留 · 无倒计时且拒绝无惩罚
INQUIRY_EMPTY,No open inquiry right now,当前暂无新询价
INQUIRY_TERMS,%s · Premium +%d%% · Bonus %s,%s · 溢价 +%d%% · 签约金 %s
INQUIRY_REQUIREMENT_RACK,%s %d/%d,%s %d/%d
INQUIRY_REQUIREMENT_UNIQUE,Rack types %d/%d,机柜类型 %d/%d
INQUIRY_REQUIREMENT_NETWORK,Network level %d/%d,网络等级 %d/%d
INQUIRY_REQUIREMENT_RELATIONSHIP,Relationship level %d/%d,客户关系 %d/%d
INQUIRY_REQUIREMENT_SPECIALIZATION,%s specialization %s,%s定位 %s
INQUIRY_REQUIREMENT_READY,Conditions met,条件已满足
INQUIRY_REQUIREMENT_PENDING,Conditions not met,条件尚未满足
INQUIRY_VIEW_DATACENTERS,Choose a data center,选择承接机房
INQUIRY_DECLINE,Pass for now,暂不承接
INQUIRY_ACCEPT_TITLE,Assign this inquiry,分配询价单
INQUIRY_DC_READY,%s · %s/mo · bonus %s,%s · %s/月 · 签约金 %s
INQUIRY_DC_BLOCKED,%s · %s,%s · %s
INQUIRY_ACCEPTED,Deal signed · bonus %s,合作已签订 · 签约金 %s
INQUIRY_DECLINED,Passed · this slot returns in two game months,已暂缓 · 该位置将在 2 个游戏月后补位
INQUIRY_NEW_TASK,New client inquiry,新的客户询价
INQUIRY_NEW_TASK_SUBTITLE,%d optional offer(s) waiting · never expires,%d 份可选报价待处理 · 永不过期
INQUIRY_NEW_TASK_ACTION,Review,查看
INQUIRY_OFFLINE_MILESTONE,%d new client inquiry(s) arrived,离线期间收到 %d 份新询价
REASON_INQUIRY_UNAVAILABLE,This inquiry has already been handled.,这份询价单已经处理。
REASON_INQUIRY_REQUIREMENTS,Choose a data center that meets every listed condition.,请选择满足全部条件的机房。
REASON_INQUIRY_QUOTE_STALE,The offer changed while it was open. Review the current quote and try again.,报价打开期间发生了变化，请查看最新报价后重试。
RACK_KIND_COMPUTE,Compute racks,计算机柜
RACK_KIND_STORAGE,Storage racks,存储机柜
RACK_KIND_GPU,GPU racks,GPU 机柜
DUTY_LOG_TAKEOVER_1,Bank support steadied %d room(s).,银行团队稳住了 %d 座机房。
DUTY_LOG_TAKEOVER_2,%d room(s) entered bank care.,%d 座机房已由银行接管。
DUTY_LOG_TAKEOVER_3,The bank protected %d room(s) overnight.,银行值夜时保住了 %d 座机房。
DUTY_LOG_ERA_1,Operations reached Era %d.,园区运营迈入时代 %d。
DUTY_LOG_ERA_2,The night shift welcomed Era %d.,夜班迎来了时代 %d。
DUTY_LOG_ERA_3,Era %d systems came online.,时代 %d 的系统已经上线。
DUTY_LOG_RARE_1,A rare %s shift reached the desk.,值班室记录了稀有行情：%s。
DUTY_LOG_RARE_2,%s made an unusual move overnight.,%s 在夜里出现了异动。
DUTY_LOG_RARE_3,The team flagged a rare %s window.,团队标记了稀有的%s窗口。
DUTY_LOG_INQUIRY_1,%s sent %d inquiry(s) overnight.,%s 夜间送来 %d 份询价。
DUTY_LOG_INQUIRY_2,%s left %d offer(s) for morning.,%s 留下 %d 份报价等早班。
DUTY_LOG_INQUIRY_3,%s left %d offer(s) with night desk.,夜班记下 %s 的 %d 份报价。
DUTY_LOG_FAULT_1,Crew tracked %d equipment alert(s).,值班员跟进了 %d 次设备告警。
DUTY_LOG_FAULT_2,%d alert(s) reached the night desk.,夜班收到了 %d 次设备告警。
DUTY_LOG_FAULT_3,The crew watched %d fault signal(s).,团队守住了 %d 次故障信号。
DUTY_LOG_CONTRACT_1,Night shift renewed %d contract(s).,夜班续好了 %d 份客户合约。
DUTY_LOG_CONTRACT_2,%d contract(s) rolled on smoothly.,%d 份合约已平稳续签。
DUTY_LOG_CONTRACT_3,The desk kept %d contract(s) active.,值班员维持了 %d 份合约。
DUTY_LOG_AGING_1,%d room(s) reached a new life stage.,%d 座机房进入了新寿命阶段。
DUTY_LOG_AGING_2,Crew checked %d aging room(s).,值班员巡检了 %d 座老化机房。
DUTY_LOG_AGING_3,%d room(s) received an age check.,%d 座机房完成了寿命检查。
DUTY_LOG_INCOME_1,This shift secured $%s in revenue.,本次值班确认收入 $%s。
DUTY_LOG_INCOME_2,The night ledger recorded $%s.,夜班账本记下了 $%s。
DUTY_LOG_INCOME_3,Your rooms earned $%s this shift.,机房本次值班赚得 $%s。
PERSONA_INTERNET_LIN_CE,Lin Ce,林策
PERSONA_INTERNET_TANG_MAN,Tang Man,唐满
PERSONA_INTERNET_CHEN_LU,Chen Lu,陈路
PERSONA_CLOUD_SU_QING,Su Qing,苏晴
PERSONA_CLOUD_ZHOU_YUNZHOU,Zhou Yunzhou,周云舟
PERSONA_CLOUD_XU_AN,Xu An,许安
PERSONA_GPU_GU_XING,Gu Xing,顾星
PERSONA_GPU_YE_ZHIXING,Ye Zhixing,叶知行
PERSONA_MINING_ZHOU_LAN,Zhou Lan,周岚
PERSONA_MINING_LU_SEN,Lu Sen,鲁森
PERSONA_INTERNET_INQUIRY_1,Traffic is climbing. Can you keep this route steady?,流量正涨，能帮我稳住这条线路吗？
PERSONA_INTERNET_INQUIRY_2,We need clean capacity before the next release.,下次发布前，我们需要一批稳定容量。
PERSONA_INTERNET_ACCEPT_1,Great. I will send the traffic plan now.,好，我现在把流量计划发过来。
PERSONA_INTERNET_ACCEPT_2,That gives our launch room to breathe.,这下新版本上线就有余量了。
PERSONA_INTERNET_DECLINE_1,Understood. I will keep the request open elsewhere.,明白，我再看看其他可用方案。
PERSONA_INTERNET_DECLINE_2,No pressure. We can revisit the next release window.,不着急，下个发布窗口再聊。
PERSONA_INTERNET_LEVEL_1,Your uptime reports make planning easier.,你们的稳定性让排期轻松多了。
PERSONA_INTERNET_LEVEL_2,I can trust your team with peak traffic.,峰值流量交给你们，我放心。
PERSONA_CLOUD_INQUIRY_1,We need a quiet pool for a new tenant cluster.,新租户集群需要一组安静的资源池。
PERSONA_CLOUD_INQUIRY_2,Can your mixed racks carry this migration?,这次迁移，你们的混合机柜能接住吗？
PERSONA_CLOUD_ACCEPT_1,Excellent. I will schedule the migration window.,很好，我来安排迁移窗口。
PERSONA_CLOUD_ACCEPT_2,Capacity confirmed. Our rollout can proceed.,容量确认，发布计划可以继续。
PERSONA_CLOUD_DECLINE_1,Thanks for the quick answer. We will reroute.,谢谢及时回复，我们会调整路线。
PERSONA_CLOUD_DECLINE_2,Understood. I will hold this batch for later.,明白，这一批我先留到后面。
PERSONA_CLOUD_LEVEL_1,Your handovers have become wonderfully predictable.,你们的交接越来越让人省心。
PERSONA_CLOUD_LEVEL_2,You are now on my preferred capacity list.,你们已经进了我的优先供应名单。
PERSONA_GPU_INQUIRY_1,Our next training run needs a clean GPU block.,下一轮训练需要一组完整的 GPU 容量。
PERSONA_GPU_INQUIRY_2,Can you make room for a demanding model run?,能为一次大模型训练腾出空间吗？
PERSONA_GPU_ACCEPT_1,Perfect. The training team is warming up.,正好，训练团队已经开始预热。
PERSONA_GPU_ACCEPT_2,Compute secured. I can finally sleep tonight.,算力稳了，今晚总算能睡个好觉。
PERSONA_GPU_DECLINE_1,Got it. I will shrink this experiment first.,收到，我先把实验规模收一收。
PERSONA_GPU_DECLINE_2,No worries. We will queue the model elsewhere.,没关系，我们把模型排到别处。
PERSONA_GPU_LEVEL_1,Your GPU rooms have earned our confidence.,你们的 GPU 机房赢得了信任。
PERSONA_GPU_LEVEL_2,The hardest training jobs now come to you first.,最难的训练任务以后优先找你们。
PERSONA_MINING_INQUIRY_1,I found a profitable window and need GPUs ready.,我看准了窗口，需要一批 GPU 马上就位。
PERSONA_MINING_INQUIRY_2,The numbers work if your power stays steady.,只要供电稳，这笔账就能跑通。
PERSONA_MINING_ACCEPT_1,Deal. I will send the operating schedule.,成交，我马上把运行排期发来。
PERSONA_MINING_ACCEPT_2,Good timing. Let us put those racks to work.,时机正好，让这些机柜忙起来。
PERSONA_MINING_DECLINE_1,Fair enough. I never force a bad window.,没事，窗口不合适就不勉强。
PERSONA_MINING_DECLINE_2,Understood. I will wait for the next cycle.,明白，我等下一轮周期。
PERSONA_MINING_LEVEL_1,You run a tighter floor than most operators.,你们的机房比多数同行更稳。
PERSONA_MINING_LEVEL_2,Your word is worth more than a price spike.,你们的承诺比一轮涨价更值钱。
PERSONA_LIN_CHAT_1,I check latency before I check my coffee.,我每天先看延迟，再喝咖啡。
PERSONA_LIN_CHAT_2,A calm dashboard is my favorite dashboard.,没有告警的面板最好看。
PERSONA_TANG_CHAT_1,Every smooth launch begins with spare capacity.,顺利上线，总要留一点余量。
PERSONA_TANG_CHAT_2,I brought the next traffic forecast.,我带来了下一版流量预测。
PERSONA_CHEN_CHAT_1,Edge nodes are small but never simple.,边缘节点虽小，事情可不少。
PERSONA_CHEN_CHAT_2,Your route map is looking healthy today.,今天的线路图看起来很健康。
PERSONA_SU_CHAT_1,I like migrations that nobody notices.,最好的迁移，是用户毫无察觉。
PERSONA_SU_CHAT_2,The tenant team sent their thanks.,租户团队让我替他们说声谢谢。
PERSONA_ZHOU_CHAT_1,Capacity planning is just patient gardening.,容量规划，像是在耐心种园子。
PERSONA_ZHOU_CHAT_2,I left a cleaner rollout plan on the desk.,我在桌上留了份更清爽的发布计划。
PERSONA_XU_CHAT_1,I keep three backups and one lucky pen.,我有三份备份，还有一支幸运笔。
PERSONA_XU_CHAT_2,Quiet servers make for quiet meetings.,服务器安静，会议也会安静。
PERSONA_GU_CHAT_1,The model finally stopped eating all our VRAM.,模型终于不再吃光所有显存了。
PERSONA_GU_CHAT_2,I owe your cooling team a proper dinner.,我得认真请你们冷却团队吃顿饭。
PERSONA_YE_CHAT_1,One clean run beats ten rushed experiments.,一次干净训练胜过十次匆忙实验。
PERSONA_YE_CHAT_2,The new checkpoint looks promising.,新检查点看起来很有希望。
PERSONA_ZHOU_LAN_CHAT_1,I trust meters more than rumors.,比起传闻，我更相信仪表数字。
PERSONA_ZHOU_LAN_CHAT_2,Steady power is the best kind of luck.,稳定供电才是最好的运气。
PERSONA_LU_CHAT_1,I brought tea and a fresh market sheet.,我带了茶，还有一张新行情表。
PERSONA_LU_CHAT_2,Good machines deserve a patient operator.,好机器值得耐心经营。
PERSONA_CONTACT,Contact: %s,对接人：%s
PERSONA_LEVEL_TOAST,%s now sees you as %s.,%s 现在把你当作%s。
