strategy,era,era_auto,achievement_auto,roadmap_claimable,collection_claimable,speedup_spend_observed,instant_repair_spend_observed,net_if_claimed
idle,1,0.00,11.75,17.60,0.00,0.00,0.00,29.35
idle,2,100.00,19.65,37.10,0.00,0.00,0.00,156.75
idle,3,100.00,60.25,11.80,0.25,0.00,0.00,172.30
active,1,0.00,19.75,16.40,0.00,0.00,0.00,36.15
active,2,100.00,57.40,57.00,5.00,0.00,0.00,219.40
active,3,100.00,65.95,27.00,0.40,0.00,0.00,193.35
aggressive,1,0.00,6.00,3.00,0.00,0.00,0.00,9.00
aggressive,2,100.00,19.00,28.20,0.00,0.00,0.00,147.20
aggressive,3,0.00,0.00,0.00,0.00,0.00,0.00,0.00
